<data>
<item>
<nama>Paket1</nama>
<harga>15000</harga>
<link>https://www.dropbox.com/s/fy494fkb25f5bt0/1.jpg?dl=1</link>
</item>
<item>
<nama>Paket2</nama>
<harga>15000</harga>
<link>https://www.dropbox.com/s/ay466z785q5o2x9/2.jpg?dl=1</link>
</item>
<item>
<nama>Paket3</nama>
<harga>15000</harga>
<link>https://www.dropbox.com/s/60lwui473e7e8zc/3.jpg?dl=1</link>
</item>
<item>
<nama>Paket4</nama>
<harga>15000</harga>
<link>https://www.dropbox.com/s/jgd05ync5gsw6gm/4.jpg?dl=1</link>
</item>
<item>
<nama>Paket5</nama>
<harga>15000</harga>
<link>https://www.dropbox.com/s/m5cvaohxavh9v3f/5.jpg?dl=1</link>
</item>
<item>
<nama>Paket6</nama>
<harga>15000</harga>
<link>https://www.dropbox.com/s/lfcjm37wpiidlbj/6.png?dl=1</link>
</item>
</data>